<?xml version="1.0" encoding="UTF-8"?><?xml version="1.0" encoding="UTF-8"?>
<beans:beans xmlns="http://www.springframework.org/schema/security"
	xmlns:mvc="http://www.springframework.org/schema/mvc" xmlns:context="http://www.springframework.org/schema/context"
	xmlns:xsi="http://www.w3.org/2001/XMLSchema-instance" xmlns:tx="http://www.springframework.org/schema/tx"
	xmlns:security="http://www.springframework.org/schema/security"
	xmlns:beans="http://www.springframework.org/schema/beans"
	xsi:schemaLocation="http://www.springframework.org/schema/beans
http://www.springframework.org/schema/beans/spring-beans.xsd
http://www.springframework.org/schema/mvc
http://www.springframework.org/schema/mvc/spring-mvc.xsd
http://www.springframework.org/schema/context
http://www.springframework.org/schema/context/spring-context.xsd
http://www.springframework.org/schema/tx
http://www.springframework.org/schema/tx/spring-tx-4.2.xsd
http://www.springframework.org/schema/security
http://www.springframework.org/schema/security/spring-security.xsd">
	<security:http auto-config="true" use-expressions="true">

		<security:intercept-url pattern="/adminHome/**"
			access="hasRole('ROLE_ADMIN')" />
		<security:intercept-url pattern="/category/**"
			access="hasRole('ROLE_ADMIN')" />
		<security:intercept-url pattern="/product/**"
			access="hasRole('ROLE_ADMIN')" />
		<security:intercept-url pattern="/supplier/**"
			access="hasRole('ROLE_ADMIN')" />
			
		<security:intercept-url pattern="/index/**"
			access="hasRole('ROLE_USER')" />
		<security:intercept-url pattern="/index1/**"
			access="hasRole('ROLE_USER')" />



		<security:form-login login-page="/loginPage"
			default-target-url="/" login-processing-url="/perform_login"
			authentication-failure-url="/loginError" />
		<security:csrf disabled="true" />
	</security:http>
	<security:authentication-manager>

		<security:authentication-provider>
			<security:jdbc-user-service
				data-source-ref="dataSource"
				users-by-username-query="select username,password from user where id=?"
				authorities-by-username-query="select username, role from user where username =?" />
		</security:authentication-provider>
	</security:authentication-manager>
</beans:beans>
